Symbol,Company,Sector,Industry,MCapCr
360ONE,360 ONE WAM Ltd.,Financial Services,Asset Management,48786
3MINDIA,3M India Ltd.,Industrials,Conglomerates,37896
AADHARHFC,Aadhar Housing Finance Ltd.,Financial Services,Mortgage Finance,20248
AARTIIND,Aarti Industries Ltd.,Basic Materials,Specialty Chemicals,19123
AAVAS,Aavas Financiers Ltd.,Financial Services,Mortgage Finance,10746
ABB,ABB India Ltd.,Industrials,Specialty Industrial Machinery,157321
ABBOTINDIA,Abbott India Ltd.,Healthcare,Drug Manufacturers - Specialty & Generic,55737
ABCAPITAL,Aditya Birla Capital Ltd.,Financial Services,Financial Conglomerates,113040
ABDL,Allied Blenders and Distillers Ltd.,Consumer Defensive,Beverages - Wineries & Distilleries,16643
ABFRL,Aditya Birla Fashion and Retail Ltd.,Consumer Cyclical,Apparel Manufacturing,6613
ABLBL,Aditya Birla Lifestyle Brands Ltd.,Consumer Cyclical,Apparel Retail,10460
ABREL,Aditya Birla Real Estate Ltd.,Real Estate,Real Estate Services,15551
ABSLAMC,Aditya Birla Sun Life AMC Ltd.,Financial Services,Asset Management,29179
ACC,ACC Ltd.,Basic Materials,Building Materials,24551
ACE,Action Construction Equipment Ltd.,Industrials,Farm & Heavy Construction Machinery,14071
ACMESOLAR,ACME Solar Holdings Ltd.,Utilities,Utilities - Renewable,28365
ACUTAAS,Acutaas Chemicals Ltd.,Basic Materials,Specialty Chemicals,25945
ADANIENSOL,Adani Energy Solutions Ltd.,Utilities,Utilities - Independent Power Producers,188567
ADANIENT,Adani Enterprises Ltd.,Energy,Thermal Coal,426465
ADANIGREEN,Adani Green Energy Ltd.,Utilities,Utilities - Renewable,217427
ADANIPORTS,Adani Ports and Special Economic Zone Ltd.,Industrials,Marine Shipping,391673
ADANIPOWER,Adani Power Ltd.,Utilities,Utilities - Independent Power Producers,396300
AEGISLOG,Aegis Logistics Ltd.,Energy,Oil & Gas Refining & Marketing,49768
AEGISVOPAK,Aegis Vopak Terminals Ltd.,Energy,Oil & Gas Equipment & Services,30614
AFCONS,Afcons Infrastructure Ltd.,Industrials,Engineering & Construction,10258
AFFLE,Affle 3i Ltd.,Communication Services,Advertising Agencies,24189
AIAENG,AIA Engineering Ltd.,Industrials,Specialty Industrial Machinery,40584
AIIL,Authum Investment & Infrastructure Ltd.,Financial Services,Capital Markets,46898
AJANTPHARM,Ajanta Pharmaceuticals Ltd.,Healthcare,Drug Manufacturers - Specialty & Generic,45483
ALKEM,Alkem Laboratories Ltd.,Healthcare,Drug Manufacturers - Specialty & Generic,64565
AMBER,Amber Enterprises India Ltd.,Consumer Cyclical,"Furnishings, Fixtures & Appliances",25922
AMBUJACEM,Ambuja Cements Ltd.,Basic Materials,Building Materials,102996
ANANDRATHI,Anand Rathi Wealth Ltd.,Financial Services,Asset Management,36330
ANANTRAJ,Anant Raj Ltd.,Real Estate,Real Estate - Development,22492
ANGELONE,Angel One Ltd.,Financial Services,Capital Markets,26296
ANTHEM,Anthem Biosciences Ltd.,Healthcare,Biotechnology,48951
ANURAS,Anupam Rasayan India Ltd.,Basic Materials,Specialty Chemicals,14160
APARINDS,Apar Industries Ltd.,Industrials,Electrical Equipment & Parts,70580
APLAPOLLO,APL Apollo Tubes Ltd.,Basic Materials,Steel,59391
APOLLOHOSP,Apollo Hospitals Enterprise Ltd.,Healthcare,Medical Care Facilities,124992
APOLLOTYRE,Apollo Tyres Ltd.,Consumer Cyclical,Auto Parts,27815
APTUS,Aptus Value Housing Finance India Ltd.,Financial Services,Mortgage Finance,12909
ARE&M,Amara Raja Energy & Mobility Ltd.,Industrials,Electrical Equipment & Parts,16834
ASAHIINDIA,Asahi India Glass Ltd.,Consumer Cyclical,Auto Parts,24620
ASHOKLEY,Ashok Leyland Ltd.,Industrials,Farm & Heavy Construction Machinery,101618
ASIANPAINT,Asian Paints Ltd.,Basic Materials,Specialty Chemicals,253082
ASTERDM,Aster DM Quality Care Ltd.,Healthcare,Medical Care Facilities,66382
ASTRAL,Astral Ltd.,Industrials,Building Products & Equipment,41063
ATGL,Adani Total Gas Ltd.,Utilities,Utilities - Regulated Gas,71059
ATHERENERG,Ather Energy Ltd.,Consumer Cyclical,Auto Manufacturers,58474
ATUL,Atul Ltd.,Basic Materials,Specialty Chemicals,19165
AUBANK,AU Small Finance Bank Ltd.,Financial Services,Banks - Regional,83005
AUROPHARMA,Aurobindo Pharma Ltd.,Healthcare,Drug Manufacturers - Specialty & Generic,93286
AWL,AWL Agri Business Ltd.,Consumer Defensive,Packaged Foods,24302
AXISBANK,Axis Bank Ltd.,Financial Services,Banks - Regional,387806
BAJAJ-AUTO,Bajaj Auto Ltd.,Consumer Cyclical,Auto Manufacturers,321520
BAJAJFINSV,Bajaj Finserv Ltd.,Financial Services,Financial Conglomerates,325250
BAJAJHFL,Bajaj Housing Finance Ltd.,Financial Services,Mortgage Finance,70669
BAJAJHLDNG,Bajaj Holdings & Investment Ltd.,Financial Services,Asset Management,125984
BAJFINANCE,Bajaj Finance Ltd.,Financial Services,Credit Services,681190
BALKRISIND,Balkrishna Industries Ltd.,Consumer Cyclical,Auto Parts,45445
BALRAMCHIN,Balrampur Chini Mills Ltd.,Consumer Defensive,Confectioners,15423
BANDHANBNK,Bandhan Bank Ltd.,Financial Services,Banks - Regional,28211
BANKBARODA,Bank of Baroda,Financial Services,Banks - Regional,127733
BANKINDIA,Bank of India,Financial Services,Banks - Regional,65008
BATAINDIA,Bata India Ltd.,Consumer Cyclical,Footwear & Accessories,9010
BAYERCROP,Bayer Cropscience Ltd.,Basic Materials,Agricultural Inputs,18298
BBTC,Bombay Burmah Trading Corporation Ltd.,Consumer Defensive,Packaged Foods,9959
BDL,Bharat Dynamics Ltd.,Industrials,Aerospace & Defense,49816
BEL,Bharat Electronics Ltd.,Industrials,Aerospace & Defense,302625
BELRISE,Belrise Industries Ltd.,Consumer Cyclical,Auto Parts,22416
BEML,BEML Ltd.,Industrials,Conglomerates,16120
BERGEPAINT,Berger Paints India Ltd.,Basic Materials,Specialty Chemicals,61145
BHARATFORG,Bharat Forge Ltd.,Consumer Cyclical,Auto Parts,98630
BHARTIARTL,Bharti Airtel Ltd.,Communication Services,Telecom Services,1214043
BHARTIHEXA,Bharti Hexacom Ltd.,Communication Services,Telecom Services,79560
BHEL,Bharat Heavy Electricals Ltd.,Industrials,Specialty Industrial Machinery,143809
BIKAJI,Bikaji Foods International Ltd.,Consumer Defensive,Packaged Foods,15188
BIOCON,Biocon Ltd.,Healthcare,Biotechnology,67664
BLS,BLS International Services Ltd.,Industrials,Specialty Business Services,11164
BLUEDART,Blue Dart Express Ltd.,Industrials,Integrated Freight & Logistics,12061
BLUEJET,Blue Jet Healthcare Ltd.,Healthcare,Biotechnology,10341
BLUESTARCO,Blue Star Ltd.,Industrials,Building Products & Equipment,31084
BOSCHLTD,Bosch Ltd.,Consumer Cyclical,Auto Parts,142171
BPCL,Bharat Petroleum Corporation Ltd.,Energy,Oil & Gas Refining & Marketing,132877
BRIGADE,Brigade Enterprises Ltd.,Real Estate,Real Estate - Development,20852
BRITANNIA,Britannia Industries Ltd.,Consumer Defensive,Packaged Foods,129226
BSE,BSE Ltd.,Financial Services,Financial Data & Stock Exchanges,131626
BSOFT,Birlasoft Ltd.,Technology,Information Technology Services,8492
CAMS,Computer Age Management Services Ltd.,Technology,Information Technology Services,18697
CANBK,Canara Bank,Financial Services,Banks - Regional,117882
CANFINHOME,Can Fin Homes Ltd.,Financial Services,Mortgage Finance,11058
CANHLIFE,Canara HSBC Life Insurance Company Ltd.,Financial Services,Insurance - Life,14709
CAPLIPOINT,Caplin Point Laboratories Ltd.,Healthcare,Drug Manufacturers - Specialty & Generic,19465
CARBORUNIV,Carborundum Universal Ltd.,Industrials,Conglomerates,22285
CARTRADE,Cartrade Tech Ltd.,Consumer Cyclical,Auto & Truck Dealerships,14907
CASTROLIND,Castrol India Ltd.,Energy,Oil & Gas Refining & Marketing,18573
CCL,CCL Products (I) Ltd.,Consumer Defensive,Packaged Foods,14431
CDSL,Central Depository Services (India) Ltd.,Financial Services,Capital Markets,29028
CEATLTD,Ceat Ltd.,Consumer Cyclical,Auto Parts,14414
CEMPRO,Cemindia Projects Ltd.,Industrials,Engineering & Construction,21927
CENTRALBK,Central Bank of India,Financial Services,Banks - Regional,28322
CESC,CESC Ltd.,Utilities,Utilities - Regulated Electric,20558
CGCL,Capri Global Capital Ltd.,Financial Services,Credit Services,21555
CGPOWER,CG Power and Industrial Solutions Ltd.,Industrials,Electrical Equipment & Parts,136592
CHALET,Chalet Hotels Ltd.,Consumer Cyclical,Lodging,18876
CHAMBLFERT,Chambal Fertilizers & Chemicals Ltd.,Basic Materials,Agricultural Inputs,17274
CHENNPETRO,Chennai Petroleum Corporation Ltd.,Energy,Oil & Gas Refining & Marketing,20751
CHOICEIN,Choice International Ltd.,Financial Services,Capital Markets,18014
CHOLAFIN,Cholamandalam Investment and Finance Company Ltd.,Financial Services,Credit Services,159104
CHOLAHLDNG,Cholamandalam Financial Holdings Ltd.,Financial Services,Credit Services,29327
CIEINDIA,CIE Automotive India Ltd.,Consumer Cyclical,Auto Parts,15214
CIPLA,Cipla Ltd.,Healthcare,Drug Manufacturers - Specialty & Generic,115701
CLEAN,Clean Science and Technology Ltd.,Basic Materials,Specialty Chemicals,8774
COALINDIA,Coal India Ltd.,Energy,Thermal Coal,249714
COCHINSHIP,Cochin Shipyard Ltd.,Industrials,Aerospace & Defense,38949
COFORGE,Coforge Ltd.,Technology,Information Technology Services,83744
COHANCE,Cohance Lifesciences Ltd.,Healthcare,Drug Manufacturers - Specialty & Generic,17714
COLPAL,Colgate Palmolive (India) Ltd.,Consumer Defensive,Household & Personal Products,51378
CONCOR,Container Corporation of India Ltd.,Industrials,Railroads,39227
CONCORDBIO,Concord Biotech Ltd.,Healthcare,Biotechnology,16438
COROMANDEL,Coromandel International Ltd.,Basic Materials,Agricultural Inputs,58784
CPPLUS,Aditya Infotech Ltd.,Industrials,Building Products & Equipment,41115
CRAFTSMAN,Craftsman Automation Ltd.,Consumer Cyclical,Auto Parts,27840
CREDITACC,CreditAccess Grameen Ltd.,Financial Services,Credit Services,23976
CRISIL,CRISIL Ltd.,Financial Services,Financial Data & Stock Exchanges,33015
CROMPTON,Crompton Greaves Consumer Electricals Ltd.,Consumer Cyclical,"Furnishings, Fixtures & Appliances",16227
CUB,City Union Bank Ltd.,Financial Services,Banks - Regional,21530
CUMMINSIND,Cummins India Ltd.,Industrials,Specialty Industrial Machinery,141580
CYIENT,Cyient Ltd.,Industrials,Conglomerates,9292
DABUR,Dabur India Ltd.,Consumer Defensive,Household & Personal Products,71047
DALBHARAT,Dalmia Bharat Ltd.,Basic Materials,Building Materials,35293
DATAPATTNS,Data Patterns (India) Ltd.,Industrials,Aerospace & Defense,27040
DCMSHRIRAM,DCM Shriram Ltd.,Industrials,Conglomerates,16757
DEEPAKFERT,Deepak Fertilisers & Petrochemicals Corp. Ltd.,Basic Materials,Chemicals,18313
DEEPAKNTR,Deepak Nitrite Ltd.,Basic Materials,Chemicals,23829
DELHIVERY,Delhivery Ltd.,Industrials,Integrated Freight & Logistics,33765
DEVYANI,Devyani International Ltd.,Consumer Cyclical,Restaurants,17804
DIVISLAB,Divi's Laboratories Ltd.,Healthcare,Drug Manufacturers - Specialty & Generic,228223
DIXON,Dixon Technologies (India) Ltd.,Technology,Consumer Electronics,90291
DLF,DLF Ltd.,Real Estate,Real Estate - Development,167851
DMART,Avenue Supermarts Ltd.,Consumer Defensive,Discount Stores,254767
DOMS,DOMS Industries Ltd.,Industrials,Business Equipment & Supplies,13390
DRREDDY,Dr. Reddy's Laboratories Ltd.,Healthcare,Drug Manufacturers - Specialty & Generic,97853
ECLERX,eClerx Services Ltd.,Technology,Information Technology Services,16709
EICHERMOT,Eicher Motors Ltd.,Consumer Cyclical,Auto Manufacturers,219892
EIDPARRY,E.I.D. Parry (India) Ltd.,Basic Materials,Agricultural Inputs,14188
EIHOTEL,EIH Ltd.,Consumer Cyclical,Lodging,18933
ELECON,Elecon Engineering Co. Ltd.,Industrials,Specialty Industrial Machinery,10133
ELGIEQUIP,Elgi Equipments Ltd.,Industrials,Specialty Industrial Machinery,19997
EMAMILTD,Emami Ltd.,Consumer Defensive,Household & Personal Products,17573
EMCURE,Emcure Pharmaceuticals Ltd.,Healthcare,Drug Manufacturers - Specialty & Generic,35337
EMMVEE,Emmvee Photovoltaic Power Ltd.,Technology,Solar,22432
ENDURANCE,Endurance Technologies Ltd.,Consumer Cyclical,Auto Parts,42614
ENGINERSIN,Engineers India Ltd.,Industrials,Engineering & Construction,13765
ENRIN,Siemens Energy India Ltd.,Utilities,Utilities - Renewable,122349
ERIS,Eris Lifesciences Ltd.,Healthcare,Drug Manufacturers - Specialty & Generic,18407
ESCORTS,Escorts Kubota Ltd.,Industrials,Farm & Heavy Construction Machinery,33961
ETERNAL,Eternal Ltd.,Consumer Cyclical,Internet Retail,301937
EXIDEIND,Exide Industries Ltd.,Consumer Cyclical,Auto Parts,39066
FACT,Fertilisers and Chemicals Travancore Ltd.,Basic Materials,Agricultural Inputs,50685
FEDERALBNK,Federal Bank Ltd.,Financial Services,Banks - Regional,89149
FINCABLES,Finolex Cables Ltd.,Industrials,Electrical Equipment & Parts,19278
FIRSTCRY,Brainbees Solutions Ltd.,Consumer Cyclical,Internet Retail,9529
FIVESTAR,Five-Star Business Finance Ltd.,Financial Services,Credit Services,15378
FLUOROCHEM,Gujarat Fluorochemicals Ltd.,Basic Materials,Specialty Chemicals,50772
FORCEMOT,Force Motors Ltd.,Consumer Cyclical,Auto Manufacturers,23414
FORTIS,Fortis Healthcare Ltd.,Healthcare,Medical Care Facilities,68482
FSL,Firstsource Solutions Ltd.,Technology,Information Technology Services,19062
GABRIEL,Gabriel India Ltd.,Consumer Cyclical,Auto Parts,25177
GAIL,GAIL (India) Ltd.,Utilities,Utilities - Regulated Gas,113091
GALLANTT,Gallantt Ispat Ltd.,Basic Materials,Steel,14100
GESHIP,Great Eastern Shipping Co. Ltd.,Industrials,Marine Shipping,18721
GICRE,General Insurance Corporation of India,Financial Services,Insurance - Reinsurance,62413
GILLETTE,Gillette India Ltd.,Consumer Defensive,Household & Personal Products,24434
GLAND,Gland Pharma Ltd.,Healthcare,Drug Manufacturers - Specialty & Generic,46509
GLAXO,Glaxosmithkline Pharmaceuticals Ltd.,Healthcare,Drug Manufacturers - General,49165
GLENMARK,Glenmark Pharmaceuticals Ltd.,Healthcare,Drug Manufacturers - Specialty & Generic,65417
GMDCLTD,Gujarat Mineral Development Corporation Ltd.,Energy,Thermal Coal,18126
GMRAIRPORT,GMR Airports Ltd.,Industrials,Airports & Air Services,105199
GODFRYPHLP,Godfrey Phillips India Ltd.,Consumer Defensive,Tobacco,33021
GODIGIT,Go Digit General Insurance Ltd.,Financial Services,Insurance - Property & Casualty,24305
GODREJCP,Godrej Consumer Products Ltd.,Consumer Defensive,Household & Personal Products,95474
GODREJIND,Godrej Industries Ltd.,Industrials,Conglomerates,41433
GODREJPROP,Godrej Properties Ltd.,Real Estate,Real Estate - Development,61300
GPIL,Godawari Power & Ispat Ltd.,Basic Materials,Steel,15945
GRANULES,Granules India Ltd.,Healthcare,Drug Manufacturers - Specialty & Generic,21265
GRAPHITE,Graphite India Ltd.,Industrials,Electrical Equipment & Parts,13886
GRASIM,Grasim Industries Ltd.,Basic Materials,Building Materials,224366
GRAVITA,Gravita India Ltd.,Industrials,Metal Fabrication,13269
GROWW,Billionbrains Garage Ventures Ltd.,Financial Services,Capital Markets,121980
GRSE,Garden Reach Shipbuilders & Engineers Ltd.,Industrials,Aerospace & Defense,29801
GVT&D,GE Vernova T&D India Ltd.,Industrials,Specialty Industrial Machinery,105676
HAL,Hindustan Aeronautics Ltd.,Industrials,Aerospace & Defense,334387
HAVELLS,Havells India Ltd.,Industrials,Electrical Equipment & Parts,79575
HBLENGINE,HBL Engineering Ltd.,Industrials,Electrical Equipment & Parts,19474
HCLTECH,HCL Technologies Ltd.,Technology,Information Technology Services,352426
HDBFS,HDB Financial Services Ltd.,Financial Services,Credit Services,57648
HDFCAMC,HDFC Asset Management Company Ltd.,Financial Services,Asset Management,111913
HDFCBANK,HDFC Bank Ltd.,Financial Services,Banks - Regional,1120303
HDFCLIFE,HDFC Life Insurance Company Ltd.,Financial Services,Insurance - Life,120499
HEG,H.E.G. Ltd.,Industrials,Electrical Equipment & Parts,13716
HEROMOTOCO,Hero MotoCorp Ltd.,Consumer Cyclical,Auto Manufacturers,114781
HEXT,Hexaware Technologies Ltd.,Technology,Information Technology Services,32468
HFCL,HFCL Ltd.,Technology,Communication Equipment,34892
HINDALCO,Hindalco Industries Ltd.,Basic Materials,Aluminum,229531
HINDCOPPER,Hindustan Copper Ltd.,Basic Materials,Copper,55381
HINDPETRO,Hindustan Petroleum Corporation Ltd.,Energy,Oil & Gas Refining & Marketing,77293
HINDUNILVR,Hindustan Unilever Ltd.,Consumer Defensive,Household & Personal Products,473443
HINDZINC,Hindustan Zinc Ltd.,Basic Materials,Other Industrial Metals & Mining,251364
HOMEFIRST,Home First Finance Company India Ltd.,Financial Services,Mortgage Finance,12478
HONASA,Honasa Consumer Ltd.,Consumer Defensive,Household & Personal Products,15711
HONAUT,Honeywell Automation India Ltd.,Industrials,Electrical Equipment & Parts,32470
HSCL,Himadri Speciality Chemical Ltd.,Basic Materials,Specialty Chemicals,33019
HUDCO,Housing & Urban Development Corporation Ltd.,Financial Services,Credit Services,37253
HYUNDAI,Hyundai Motor India Ltd.,Consumer Cyclical,Auto Manufacturers,180287
ICICIAMC,ICICI Prudential Asset Management Company Ltd.,Financial Services,Asset Management,161608
ICICIBANK,ICICI Bank Ltd.,Financial Services,Banks - Regional,1018605
ICICIGI,ICICI Lombard General Insurance Company Ltd.,Financial Services,Insurance - Diversified,80774
ICICIPRULI,ICICI Prudential Life Insurance Company Ltd.,Financial Services,Insurance - Life,74662
IDBI,IDBI Bank Ltd.,Financial Services,Banks - Regional,88428
IDEA,Vodafone Idea Ltd.,Communication Services,Telecom Services,151030
IDFCFIRSTB,IDFC First Bank Ltd.,Financial Services,Banks - Regional,74789
IEX,Indian Energy Exchange Ltd.,Financial Services,Capital Markets,11001
IFCI,IFCI Ltd.,Financial Services,Credit Services,21800
IGIL,International Gemological Institute Ltd.,Basic Materials,Other Precious Metals & Mining,14719
IGL,Indraprastha Gas Ltd.,Utilities,Utilities - Regulated Gas,20702
IIFL,IIFL Finance Ltd.,Financial Services,Credit Services,28911
IKS,Inventurus Knowledge Solutions Ltd.,Healthcare,Health Information Services,29965
INDGN,Indegene Ltd.,Healthcare,Health Information Services,13673
INDHOTEL,Indian Hotels Co. Ltd.,Consumer Cyclical,Lodging,103911
INDIACEM,India Cements Ltd.,Basic Materials,Building Materials,17241
INDIAMART,Indiamart Intermesh Ltd.,Communication Services,Internet Content & Information,104781
INDIANB,Indian Bank,Financial Services,Banks - Regional,118115
INDIGO,InterGlobe Aviation Ltd.,Industrials,Airlines,197587
INDUSINDBK,IndusInd Bank Ltd.,Financial Services,Banks - Regional,78350
INDUSTOWER,Indus Towers Ltd.,Communication Services,Telecom Services,99093
INFY,Infosys Ltd.,Technology,Information Technology Services,454019
INOXWIND,Inox Wind Ltd.,Industrials,Specialty Industrial Machinery,12720
INTELLECT,Intellect Design Arena Ltd.,Technology,Software - Application,9631
IOB,Indian Overseas Bank,Financial Services,Banks - Regional,63566
IOC,Indian Oil Corporation Ltd.,Energy,Oil & Gas Refining & Marketing,191908
IPCALAB,Ipca Laboratories Ltd.,Healthcare,Drug Manufacturers - Specialty & Generic,48488
IRB,IRB Infrastructure Developers Ltd.,Industrials,Infrastructure Operations,22888
IRCON,IRCON International Ltd.,Industrials,Engineering & Construction,11730
IRCTC,Indian Railway Catering And Tourism Corporation Ltd.,Consumer Cyclical,Travel Services,38736
IREDA,Indian Renewable Energy Development Agency Ltd.,Financial Services,Credit Services,32306
IRFC,Indian Railway Finance Corporation Ltd.,Financial Services,Credit Services,112912
ITC,ITC Ltd.,Consumer Defensive,Tobacco,337552
ITCHOTELS,ITC Hotels Ltd.,Consumer Cyclical,Resorts & Casinos,34365
ITI,ITI Ltd.,Technology,Communication Equipment,26888
J&KBANK,Jammu & Kashmir Bank Ltd.,Financial Services,Banks - Regional,16409
JAINREC,Jain Resource Recycling Ltd.,Basic Materials,Other Industrial Metals & Mining,10209
JBMA,JBM Auto Ltd.,Consumer Cyclical,Auto Parts,15939
JINDALSAW,Jindal Saw Ltd.,Basic Materials,Steel,18596
JINDALSTEL,Jindal Steel Ltd.,Basic Materials,Steel,114752
JIOFIN,Jio Financial Services Ltd.,Financial Services,Asset Management,161117
JKCEMENT,J.K. Cement Ltd.,Basic Materials,Building Materials,40566
JKTYRE,JK Tyre & Industries Ltd.,Consumer Cyclical,Auto Parts,10802
JMFINANCIL,JM Financial Ltd.,Financial Services,Capital Markets,12272
JPPOWER,Jaiprakash Power Ventures Ltd.,Utilities,Utilities - Independent Power Producers,11719
JSL,Jindal Stainless Ltd.,Basic Materials,Steel,57788
JSWCEMENT,JSW Cement Ltd.,Basic Materials,Building Materials,17020
JSWDULUX,JSW Dulux Ltd.,,,14203
JSWENERGY,JSW Energy Ltd.,Utilities,Utilities - Independent Power Producers,99855
JSWINFRA,JSW Infrastructure Ltd.,Industrials,Marine Shipping,77720
JSWSTEEL,JSW Steel Ltd.,Basic Materials,Steel,315789
JUBLFOOD,Jubilant Foodworks Ltd.,Consumer Cyclical,Restaurants,33328
JUBLINGREA,Jubilant Ingrevia Ltd.,Basic Materials,Specialty Chemicals,11330
JUBLPHARMA,Jubilant Pharmova Ltd.,Healthcare,Drug Manufacturers - Specialty & Generic,13944
JWL,Jupiter Wagons Ltd.,Industrials,Railroads,10556
JYOTICNC,Jyoti CNC Automation Ltd.,Industrials,Specialty Industrial Machinery,22488
KAJARIACER,Kajaria Ceramics Ltd.,Industrials,Building Products & Equipment,18991
KALYANKJIL,Kalyan Jewellers India Ltd.,Consumer Cyclical,Luxury Goods,62332
KARURVYSYA,Karur Vysya Bank Ltd.,Financial Services,Banks - Regional,32432
KAYNES,Kaynes Technology India Ltd.,Technology,Electronic Components,26150
KEC,Kec International Ltd.,Industrials,Engineering & Construction,11605
KEI,KEI Industries Ltd.,Industrials,Electrical Equipment & Parts,52844
KFINTECH,Kfin Technologies Ltd.,Technology,Software - Application,16941
KIMS,Krishna Institute of Medical Sciences Ltd.,Healthcare,Medical Care Facilities,31311
KIRLOSENG,Kirloskar Oil Eng Ltd.,Industrials,Specialty Industrial Machinery,30571
KOTAKBANK,Kotak Mahindra Bank Ltd.,Financial Services,Banks - Regional,400644
KPIL,Kalpataru Projects International Ltd.,Industrials,Engineering & Construction,23985
KPITTECH,KPIT Technologies Ltd.,Technology,Software - Infrastructure,16042
KPRMILL,K.P.R. Mill Ltd.,Consumer Cyclical,Textile Manufacturing,39445
LALPATHLAB,Dr. Lal Path Labs Ltd.,Healthcare,Diagnostics & Research,31629
LATENTVIEW,Latent View Analytics Ltd.,Industrials,Consulting Services,5755
LAURUSLABS,Laurus Labs Ltd.,Healthcare,Drug Manufacturers - Specialty & Generic,97364
LEMONTREE,Lemon Tree Hotels Ltd.,Consumer Cyclical,Lodging,8578
LENSKART,Lenskart Solutions Ltd.,Healthcare,Medical Instruments & Supplies,114517
LGEINDIA,LG Electronics India Ltd.,Technology,Consumer Electronics,110185
LICHSGFIN,LIC Housing Finance Ltd.,Financial Services,Mortgage Finance,27338
LICI,Life Insurance Corporation of India,Financial Services,Insurance - Life,534146
LINDEINDIA,Linde India Ltd.,Basic Materials,Specialty Chemicals,56902
LLOYDSME,Lloyds Metals And Energy Ltd.,Basic Materials,Steel,104974
LODHA,Lodha Developers Ltd.,Real Estate,Real Estate - Development,124067
LT,Larsen & Toubro Ltd.,Industrials,Engineering & Construction,563142
LTF,L&T Finance Ltd.,Financial Services,Credit Services,79479
LTFOODS,LT Foods Ltd.,Consumer Defensive,Packaged Foods,14849
LTM,LTM Ltd.,Technology,Information Technology Services,133046
LTTS,L&T Technology Services Ltd.,Technology,Information Technology Services,38237
LUPIN,Lupin Ltd.,Healthcare,Drug Manufacturers - Specialty & Generic,100674
M&M,Mahindra & Mahindra Ltd.,Consumer Cyclical,Auto Manufacturers,409724
M&MFIN,Mahindra & Mahindra Financial Services Ltd.,Financial Services,Credit Services,53027
MAHABANK,Bank of Maharashtra,Financial Services,Banks - Regional,61732
MANAPPURAM,Manappuram Finance Ltd.,Financial Services,Credit Services,33581
MANKIND,Mankind Pharma Ltd.,Healthcare,Drug Manufacturers - Specialty & Generic,98458
MAPMYINDIA,C.E. Info Systems Ltd.,Technology,Software - Infrastructure,5388
MARICO,Marico Ltd.,Consumer Defensive,Household & Personal Products,110078
MARUTI,Maruti Suzuki India Ltd.,Consumer Cyclical,Auto Manufacturers,426487
MAXHEALTH,Max Healthcare Institute Ltd.,Healthcare,Medical Care Facilities,97328
MAZDOCK,Mazagoan Dock Shipbuilders Ltd.,Industrials,Aerospace & Defense,102943
MCX,Multi Commodity Exchange of India Ltd.,Financial Services,Financial Data & Stock Exchanges,81063
MEDANTA,Global Health Ltd.,Healthcare,Medical Care Facilities,37881
MEESHO,Meesho Ltd.,Consumer Cyclical,Internet Retail,95102
MFSL,Max Financial Services Ltd.,Financial Services,Insurance - Life,54436
MGL,Mahanagar Gas Ltd.,Utilities,Utilities - Regulated Gas,11006
MINDACORP,Minda Corporation Ltd.,Consumer Cyclical,Auto Parts,17131
MMTC,MMTC Ltd.,Industrials,Conglomerates,9807
MOTHERSON,Samvardhana Motherson International Ltd.,Consumer Cyclical,Auto Parts,178378
MOTILALOFS,Motilal Oswal Financial Services Ltd.,Financial Services,Capital Markets,59613
MPHASIS,MphasiS Ltd.,Technology,Information Technology Services,46369
MRF,MRF Ltd.,Consumer Cyclical,Auto Parts,56265
MRPL,Mangalore Refinery & Petrochemicals Ltd.,Energy,Oil & Gas Refining & Marketing,30988
MSUMI,Motherson Sumi Wiring India Ltd.,Consumer Cyclical,Auto Parts,25439
MUTHOOTFIN,Muthoot Finance Ltd.,Financial Services,Credit Services,121324
NAM-INDIA,Nippon Life India Asset Management Ltd.,Financial Services,Asset Management,80029
NATCOPHARM,NATCO Pharma Ltd.,Healthcare,Drug Manufacturers - Specialty & Generic,15805
NATIONALUM,National Aluminium Co. Ltd.,Basic Materials,Aluminum,72446
NAUKRI,Info Edge (India) Ltd.,Communication Services,Internet Content & Information,87451
NAVA,Nava Ltd.,Industrials,Conglomerates,15840
NAVINFLUOR,Navin Fluorine International Ltd.,Basic Materials,Chemicals,42099
NBCC,NBCC (India) Ltd.,Industrials,Engineering & Construction,23998
NCC,NCC Ltd.,Industrials,Engineering & Construction,9390
NESTLEIND,Nestle India Ltd.,Consumer Defensive,Packaged Foods,284831
NETWEB,Netweb Technologies India Ltd.,Technology,Computer Hardware,31892
NEULANDLAB,Neuland Laboratories Ltd.,Healthcare,Drug Manufacturers - Specialty & Generic,29895
NEWGEN,Newgen Software Technologies Ltd.,Technology,Software - Infrastructure,7388
NH,Narayana Hrudayalaya Ltd.,Healthcare,Medical Care Facilities,36879
NHPC,NHPC Ltd.,Utilities,Utilities - Renewable,76493
NIACL,The New India Assurance Company Ltd.,Financial Services,Insurance - Diversified,30345
NIVABUPA,Niva Bupa Health Insurance Company Ltd.,Financial Services,Insurance - Life,15278
NLCINDIA,NLC India Ltd.,Utilities,Utilities - Regulated Electric,37411
NMDC,NMDC Ltd.,Basic Materials,Steel,74388
NSLNISP,NMDC Steel Ltd.,Basic Materials,Steel,11661
NTPC,NTPC Ltd.,Utilities,Utilities - Regulated Electric,329687
NTPCGREEN,NTPC Green Energy Ltd.,Utilities,Utilities - Renewable,77042
NUVAMA,Nuvama Wealth Management Ltd.,Financial Services,Asset Management,32015
NUVOCO,Nuvoco Vistas Corporation Ltd.,Basic Materials,Building Materials,11502
NYKAA,FSN E-Commerce Ventures Ltd.,Consumer Cyclical,Internet Retail,95694
OBEROIRLTY,Oberoi Realty Ltd.,Real Estate,Real Estate - Development,68575
OFSS,Oracle Financial Services Software Ltd.,Technology,Software - Infrastructure,102087
OIL,Oil India Ltd.,Energy,Oil & Gas Integrated,77264
OLAELEC,Ola Electric Mobility Ltd.,Consumer Cyclical,Auto Manufacturers,16672
OLECTRA,Olectra Greentech Ltd.,Industrials,Farm & Heavy Construction Machinery,10822
ONESOURCE,Onesource Specialty Pharma Ltd.,Healthcare,Biotechnology,17602
ONGC,Oil & Natural Gas Corporation Ltd.,Energy,Oil & Gas Integrated,297398
PAGEIND,Page Industries Ltd.,Consumer Cyclical,Apparel Manufacturing,39574
PARADEEP,Paradeep Phosphates Ltd.,Basic Materials,Agricultural Inputs,15420
PATANJALI,Patanjali Foods Ltd.,Consumer Defensive,Packaged Foods,37858
PAYTM,One 97 Communications Ltd.,Technology,Software - Infrastructure,104633
PCBL,PCBL Chemical Ltd.,Basic Materials,Specialty Chemicals,12494
PERSISTENT,Persistent Systems Ltd.,Technology,Information Technology Services,88544
PETRONET,Petronet LNG Ltd.,Energy,Oil & Gas Refining & Marketing,43950
PFC,Power Finance Corporation Ltd.,Financial Services,Credit Services,119794
PFIZER,Pfizer Ltd.,Healthcare,Drug Manufacturers - General,22774
PFOCUS,Prime Focus Ltd.,Communication Services,Entertainment,23126
PGEL,PG Electroplast Ltd.,Technology,Electronic Components,17206
PHOENIXLTD,Phoenix Mills Ltd.,Real Estate,Real Estate - Diversified,69029
PIDILITIND,Pidilite Industries Ltd.,Basic Materials,Specialty Chemicals,167834
PIIND,PI Industries Ltd.,Basic Materials,Agricultural Inputs,37878
PINELABS,Pine Labs Ltd.,Technology,Software - Infrastructure,18105
PIRAMALFIN,Piramal Finance Ltd.,Financial Services,Credit Services,49287
PNB,Punjab National Bank,Financial Services,Banks - Regional,133950
PNBHOUSING,PNB Housing Finance Ltd.,Financial Services,Mortgage Finance,30497
POLICYBZR,PB Fintech Ltd.,Financial Services,Insurance Brokers,82946
POLYCAB,Polycab India Ltd.,Industrials,Electrical Equipment & Parts,135059
POLYMED,Poly Medicure Ltd.,Healthcare,Medical Instruments & Supplies,17428
POONAWALLA,Poonawalla Fincorp Ltd.,Financial Services,Credit Services,42913
POWERGRID,Power Grid Corporation of India Ltd.,Utilities,Utilities - Regulated Electric,253348
POWERINDIA,Hitachi Energy India Ltd.,Industrials,Electrical Equipment & Parts,152393
PPLPHARMA,Piramal Pharma Ltd.,Healthcare,Drug Manufacturers - Specialty & Generic,28312
PREMIERENE,Premier Energies Ltd.,Technology,Solar,47537
PRESTIGE,Prestige Estates Projects Ltd.,Real Estate,Real Estate - Diversified,70252
PTCIL,PTC Industries Ltd.,Industrials,Metal Fabrication,30928
PVRINOX,PVR INOX Ltd.,Communication Services,Entertainment,11949
PWL,Physicswallah Ltd.,Consumer Defensive,Education & Training Services,35052
RADICO,Radico Khaitan Ltd,Consumer Defensive,Beverages - Wineries & Distilleries,62165
RAILTEL,Railtel Corporation Of India Ltd.,Communication Services,Telecom Services,9219
RAINBOW,Rainbow Childrens Medicare Ltd.,Healthcare,Medical Care Facilities,14540
RAMCOCEM,The Ramco Cements Ltd.,Basic Materials,Building Materials,21244
RBLBANK,RBL Bank Ltd.,Financial Services,Banks - Regional,60842
RECLTD,REC Ltd.,Financial Services,Credit Services,86014
REDINGTON,Redington Ltd.,Technology,Information Technology Services,27405
RELIANCE,Reliance Industries Ltd.,Energy,Oil & Gas Refining & Marketing,1780873
RHIM,RHI MAGNESITA INDIA LTD.,Industrials,Metal Fabrication,7749
RITES,RITES Ltd.,Industrials,Engineering & Construction,10481
RKFORGE,Ramkrishna Forgings Ltd.,Industrials,Metal Fabrication,13427
RPOWER,Reliance Power Ltd.,Utilities,Utilities - Independent Power Producers,9698
RRKABEL,R R Kabel Ltd.,Industrials,Electrical Equipment & Parts,33019
RVNL,Rail Vikas Nigam Ltd.,Industrials,Engineering & Construction,46976
SAGILITY,Sagility Ltd.,Healthcare,Health Information Services,20294
SAIL,Steel Authority of India Ltd.,Basic Materials,Steel,71648
SAILIFE,Sai Life Sciences Ltd.,Healthcare,Diagnostics & Research,30943
SAMMAANCAP,Sammaan Capital Ltd.,Financial Services,Mortgage Finance,17290
SAPPHIRE,Sapphire Foods India Ltd.,Consumer Cyclical,Restaurants,7797
SARDAEN,Sarda Energy and Minerals Ltd.,Basic Materials,Steel,17993
SAREGAMA,Saregama India Ltd,Communication Services,Entertainment,9724
SBFC,SBFC Finance Ltd.,Financial Services,Credit Services,10403
SBICARD,SBI Cards and Payment Services Ltd.,Financial Services,Credit Services,61762
SBILIFE,SBI Life Insurance Company Ltd.,Financial Services,Insurance - Life,179891
SBIN,State Bank of India,Financial Services,Banks - Regional,968015
SCHAEFFLER,Schaeffler India Ltd.,Consumer Cyclical,Auto Parts,62801
SCHNEIDER,Schneider Electric Infrastructure Ltd.,Industrials,Electrical Equipment & Parts,29106
SCI,Shipping Corporation of India Ltd.,Industrials,Marine Shipping,13534
SHREECEM,Shree Cement Ltd.,Basic Materials,Building Materials,87604
SHRIRAMFIN,Shriram Finance Ltd.,Financial Services,Credit Services,265887
SHYAMMETL,Shyam Metalics and Energy Ltd.,Basic Materials,Steel,27412
SIEMENS,Siemens Ltd.,Industrials,Specialty Industrial Machinery,139599
SIGNATURE,Signatureglobal (India) Ltd.,Real Estate,Real Estate - Development,11189
SJVN,SJVN Ltd.,Utilities,Utilities - Renewable,25960
SOBHA,Sobha Ltd.,Real Estate,Real Estate - Development,13846
SOLARINDS,Solar Industries India Ltd.,Basic Materials,Specialty Chemicals,180075
SONACOMS,Sona BLW Precision Forgings Ltd.,Consumer Cyclical,Auto Parts,51009
SONATSOFTW,Sonata Software Ltd.,Technology,Information Technology Services,8415
SPLPETRO,Supreme Petrochem Ltd.,Basic Materials,Specialty Chemicals,13122
SRF,SRF Ltd.,Industrials,Conglomerates,76233
STARHEALTH,Star Health and Allied Insurance Company Ltd.,Financial Services,Insurance - Life,34039
SUMICHEM,Sumitomo Chemical India Ltd.,Basic Materials,Agricultural Inputs,26687
SUNDARMFIN,Sundaram Finance Ltd.,Financial Services,Credit Services,49978
SUNPHARMA,Sun Pharmaceutical Industries Ltd.,Healthcare,Drug Manufacturers - Specialty & Generic,456449
SUNTV,Sun TV Network Ltd.,Communication Services,Broadcasting,18603
SUPREMEIND,Supreme Industries Ltd.,Industrials,Building Products & Equipment,46283
SUZLON,Suzlon Energy Ltd.,Industrials,Specialty Industrial Machinery,64207
SWANCORP,Swan Corp Ltd.,Industrials,Conglomerates,9524
SWIGGY,Swiggy Ltd.,Consumer Cyclical,Internet Retail,74015
SYNGENE,Syngene International Ltd.,Healthcare,Diagnostics & Research,16392
SYRMA,Syrma SGS Technology Ltd.,Technology,Electronic Components,27725
TARIL,Transformers And Rectifiers (India) Ltd.,Industrials,Electrical Equipment & Parts,8964
TATACAP,Tata Capital Ltd.,Financial Services,Credit Services,153930
TATACHEM,Tata Chemicals Ltd.,Basic Materials,Chemicals,15967
TATACOMM,Tata Communications Ltd.,Communication Services,Telecom Services,47182
TATACONSUM,Tata Consumer Products Ltd.,Consumer Defensive,Packaged Foods,103818
TATAELXSI,Tata Elxsi Ltd.,Technology,Software - Application,23101
TATAINVEST,Tata Investment Corporation Ltd.,Financial Services,Asset Management,32783
TATAPOWER,Tata Power Co. Ltd.,Utilities,Utilities - Independent Power Producers,119602
TATASTEEL,Tata Steel Ltd.,Basic Materials,Steel,228280
TATATECH,Tata Technologies Ltd.,Technology,Information Technology Services,33327
TBOTEK,TBO Tek Ltd.,Consumer Cyclical,Travel Services,18116
TCS,Tata Consultancy Services Ltd.,Technology,Information Technology Services,832884
TECHM,Tech Mahindra Ltd.,Technology,Information Technology Services,140326
TECHNOE,Techno Electric & Engineering Company Ltd.,Industrials,Engineering & Construction,11484
TEGA,Tega Industries Ltd.,Industrials,Specialty Industrial Machinery,13096
TEJASNET,Tejas Networks Ltd.,Technology,Communication Equipment,9073
TENNIND,Tenneco Clean Air India Ltd.,Consumer Cyclical,Auto Parts,23254
THELEELA,Leela Palaces Hotels & Resorts Ltd.,Consumer Cyclical,Lodging,18758
THERMAX,Thermax Ltd.,Industrials,Conglomerates,44697
TIINDIA,Tube Investments of India Ltd.,Industrials,Conglomerates,55861
TIMKEN,Timken India Ltd.,Industrials,Tools & Accessories,23574
TITAGARH,Titagarh Rail Systems Ltd.,Industrials,Railroads,11360
TITAN,Titan Company Ltd.,Consumer Cyclical,Luxury Goods,451296
TMCV,Tata Motors Ltd.,Consumer Cyclical,Auto Manufacturers,174026
TMPV,Tata Motors Passenger Vehicles Ltd.,Consumer Cyclical,Auto Manufacturers,117079
TORNTPHARM,Torrent Pharmaceuticals Ltd.,Healthcare,Drug Manufacturers - Specialty & Generic,186247
TORNTPOWER,Torrent Power Ltd.,Utilities,Utilities - Independent Power Producers,62872
TRAVELFOOD,Travel Food Services Ltd.,Consumer Cyclical,Restaurants,17213
TRENT,Trent Ltd.,Consumer Cyclical,Apparel Retail,155917
TRIDENT,Trident Ltd.,Consumer Cyclical,Textile Manufacturing,12428
TRITURBINE,Triveni Turbine Ltd.,Industrials,Specialty Industrial Machinery,18274
TTML,Tata Teleservices (Maharashtra) Ltd.,Communication Services,Telecom Services,7386
TVSMOTOR,TVS Motor Company Ltd.,Consumer Cyclical,Auto Manufacturers,208624
UBL,United Breweries Ltd.,Consumer Defensive,Beverages - Brewers,35666
UCOBANK,UCO Bank,Financial Services,Banks - Regional,32252
ULTRACEMCO,UltraTech Cement Ltd.,Basic Materials,Building Materials,340354
UNIONBANK,Union Bank of India,Financial Services,Banks - Regional,140038
UNITDSPR,United Spirits Ltd.,Consumer Defensive,Beverages - Wineries & Distilleries,110485
UNOMINDA,UNO Minda Ltd.,Consumer Cyclical,Auto Parts,73050
UPL,UPL Ltd.,Basic Materials,Agricultural Inputs,48097
URBANCO,Urban Company Ltd.,Technology,Software - Application,23354
USHAMART,Usha Martin Ltd.,Basic Materials,Steel,14651
UTIAMC,UTI Asset Management Company Ltd.,Financial Services,Asset Management,11479
VBL,Varun Beverages Ltd.,Consumer Defensive,Beverages - Non-Alcoholic,145480
VEDL,Vedanta Ltd.,Basic Materials,Other Industrial Metals & Mining,108944
VIJAYA,Vijaya Diagnostic Centre Ltd.,Healthcare,Diagnostics & Research,15495
VMM,Vishal Mega Mart Ltd.,Consumer Cyclical,Department Stores,48455
VOLTAS,Voltas Ltd.,Consumer Cyclical,"Furnishings, Fixtures & Appliances",40864
VTL,Vardhman Textiles Ltd.,Consumer Cyclical,Textile Manufacturing,17452
WAAREEENER,Waaree Energies Ltd.,Technology,Solar,77039
WELCORP,Welspun Corp Ltd.,Basic Materials,Steel,60966
WELSPUNLIV,Welspun Living Ltd.,Consumer Cyclical,Textile Manufacturing,17939
WHIRLPOOL,Whirlpool of India Ltd.,Consumer Cyclical,"Furnishings, Fixtures & Appliances",9754
WIPRO,Wipro Ltd.,Technology,Information Technology Services,178849
WOCKPHARMA,Wockhardt Ltd.,Healthcare,Drug Manufacturers - Specialty & Generic,30651
YESBANK,Yes Bank Ltd.,Financial Services,Banks - Regional,71564
ZEEL,Zee Entertainment Enterprises Ltd.,Communication Services,Broadcasting,10333
ZENSARTECH,Zensar Technolgies Ltd.,Technology,Information Technology Services,10965
ZENTEC,Zen Technologies Ltd.,Industrials,Aerospace & Defense,17326
ZFCVINDIA,ZF Commercial Vehicle Control Systems India Ltd.,Consumer Cyclical,Auto Parts,30295
ZYDUSLIFE,Zydus Lifesciences Ltd.,Healthcare,Drug Manufacturers - Specialty & Generic,111720
ZYDUSWELL,Zydus Wellness Ltd.,Consumer Defensive,Packaged Foods,15615
